username,created_at(UTC),retweet_count,reply_count,like_count,quote_count,impression_count,text
ZagWBB,3/29/23 19:57,8,3,154,1,4186,Thanks for an incredible season. ❤️💙 https://t.co/3fNFwcCyhR
ZagWBB,3/22/23 15:28,9,1,128,2,5768,Yvonne Ejim and Kaylynne Truong have been tabbed Region Finalists for WBCA Coaches' All-America 🤩  📰: https://t.co/2BVY5BIveI https://t.co/nWpCMhKgdO
ZagWBB,3/18/23 4:07,30,15,392,10,20308,Thank you for a great season Zag Nation ❤️💙 https://t.co/pvAnhZJOT5
ZagWBB,3/18/23 3:44,2,1,57,0,3439,Yvonne and 1 ‼️ https://t.co/OKOtBYvC3Z
ZagWBB,3/18/23 3:30,8,0,0,0,0,RT @MarchMadnessWBB: No access? No problem for @Twinballerz   #MarchMadness x @ZagWBB https://t.co/3LQiT3VadS
ZagWBB,3/18/23 3:21,2,0,38,0,2632,KK with the lay 🔥 https://t.co/tNoD3ZPptD
ZagWBB,3/18/23 3:09,2,2,47,1,4597,https://t.co/tYm8nrmKFo
ZagWBB,3/18/23 2:45,6,0,0,0,0,RT @WCChoops: 🔒in #WCChoops  @ZagWBB | #MarchMadness https://t.co/7h3A5oIaHY
ZagWBB,3/18/23 2:44,6,0,0,0,0,RT @MarchMadnessWBB: Heatin’ up in Cali   #MarchMadness https://t.co/sq2coCpMc2
ZagWBB,3/18/23 2:38,4,0,58,0,1654,Battling early 💪 https://t.co/7CZXGU6cOB
ZagWBB,11/11/22 2:39,5,0,91,1,0,All smiles here in the Kennel 😄 https://t.co/IPZJMHDOGu
ZagWBB,11/10/22 21:38,1,0,0,0,0,RT @SkullSparks: Countdown @ZagWBB https://t.co/2sw0O1vtfN
ZagWBB,11/10/22 17:04,6,2,66,3,0,"The real thing starts tonight. 🙌  🆚 Long Beach State 📍 Spokane, WA ⏰ 7:30 p.m. 📊 Live Stats: https://t.co/SY84UVJGME 🎥 Live Stream: https://t.co/dp7DxwJR8l 📺 TV: SWX  #GoZags https://t.co/amxu8KoosN"
ZagWBB,11/10/22 16:33,6,3,69,0,0,It’s GAMEDAY!! 🙌 https://t.co/mrSgHsRrrt
ZagWBB,11/10/22 1:24,3,1,45,2,0,"Welcome to the family, Claire! ❤️💙  📰: https://t.co/DoLZLQLd0z https://t.co/GxoX2hJrU6"
ZagWBB,11/9/22 20:22,4,2,62,0,0,Crafty on and off the court!!  Enjoyed arts and crafts with local youth at Gonzaga Family Haven yesterday for #civicengagementday https://t.co/hmXan4Ribu
ZagWBB,11/9/22 20:21,0,0,0,0,0,@joshualeclair1 Long Beach State
ZagWBB,11/9/22 17:15,4,1,48,0,0,One. Day. 😁 https://t.co/kbd49d44Ec
ZagWBB,11/7/22 21:02,6,1,57,0,0,3 more days until the first game of the season 😆👏👏 https://t.co/c6cVfkm1CY
ZagWBB,11/7/22 16:42,1,1,27,0,0,Happy Birthday @HuijbensMaud 🥳🎂🎈🥳 https://t.co/t67ILKdOtK
ZagMBB,4/3/23 21:14,72,16,707,10,37750,Two years ago today...    @jalensuggs https://t.co/VFwAZYhESu
ZagMBB,4/3/23 19:16,27,1,618,3,67367,👀 https://t.co/S3kHUlX96v
ZagMBB,4/3/23 19:15,88,0,0,0,0,RT @CBKReport: Zags Got Dudes??? https://t.co/CwF5n8QvzR
ZagMBB,4/3/23 5:14,34,0,0,0,0,"RT @WashWizards: another night, another career-high for @corey_kispert 📊  29 PTS | 4 3PT so far tonight. https://t.co/ohWGoWorgf"
ZagMBB,4/3/23 2:00,29,4,565,2,24939,Our guy @drewtimme2 at the @NaismithTrophy Award ceremony in Houston this weekend https://t.co/Gjdq5tewkq
ZagMBB,3/30/23 23:31,63,9,857,7,40793,.@drewtimme2 Named @WoodenAward Finalist 📰Press Release: https://t.co/l0D46DE5Px https://t.co/Yig6LNVCAw
ZagMBB,3/29/23 19:07,92,20,1518,4,44939,"Thanks for all your support this season, Zag Nation ❤️ https://t.co/H2OICk2jOp"
ZagMBB,3/28/23 19:00,118,0,0,0,0,RT @MarchMadnessMBB: A true @Zagmbb legend 👏  What a phenomenal career from Drew Timme 🔥  #MarchMadness https://t.co/GrENVpZBEB
ZagMBB,3/27/23 22:25,206,0,0,0,0,RT @MarchMadnessMBB: The West Region All-Tournament Team!  🏀 Jordan Hawkins 🏀 Adama Sanogo 🏀 Drew Timme 🏀 Julian Strawther 🏀 Jaime Jaquez J…
ZagMBB,3/26/23 5:10,198,0,0,0,3,"RT @CBSSportsCBB: ""I'm just so thankful that a program and a place took me for who I was. They didn't ask me to be anybody but myself.""   D…"
ZagMBB,11/8/22 3:00,10,3,152,2,0,In control at the break https://t.co/tB80ojVvFb
ZagMBB,11/8/22 2:51,23,2,198,3,0,Drew Timme cookin 🔥  16pts 7-12 FG 2-3 FT https://t.co/LiVsRPLdOh
ZagMBB,11/8/22 2:36,6,0,107,1,0,Battling 🤺 https://t.co/S1cvauaDEV
ZagMBB,11/8/22 2:30,10,4,120,1,0,Gettin crafty with it 🕺  Gonzaga leads 26-10 early https://t.co/WwHnuFRtrg
ZagMBB,11/8/22 1:29,6,0,94,2,0,Ready to go 🏀🔒 https://t.co/tUhjo2JB8m
ZagMBB,11/8/22 1:09,22,3,285,5,0,You impressed? @StephenCurry30  @drewtimme2 from the tunnel! https://t.co/vI1PKhXwUe
ZagMBB,11/8/22 0:56,6,2,100,1,0,Opening Night fits ❄️ https://t.co/poS5WjcKOH
ZagMBB,11/7/22 22:41,5,1,120,2,0,Final prep ✔️ https://t.co/ab5egsmiNk
ZagMBB,11/7/22 20:06,3,5,64,0,0,Just in ... tonight's game will air on ROOT
ZagMBB,11/7/22 18:51,25,8,271,2,0,Let's get it going 🆚 North Florida 🕕6 pm PT 📍Spokane 🏟️ McCarthey Athletic Center 📺 KHQ/ROOT Plus 💻 Live Video (Outside of Region): https://t.co/pEG428TMkp 📊Live Stats: https://t.co/jpdogjci0n 🗒️Game Notes: https://t.co/oy2lUD1kxx https://t.co/3JIkYpXdYD